{
  "trials": 200,
  "api_url_present": false,
  "dev_items": 8,
  "start_time": 1766972263.8954713,
  "end_time": 1766972265.271142,
  "elapsed_s": 1.3751013278961182,
  "best_score": 0.10000000000000002,
  "call_count": 0
}